﻿Designator,Footprint,Quantity,Value,LCSC Part #
"J1, J3, J5, J7",1×03_castell_power,4,Conn_01x03_Pin,
"J2, J4",1x02_castell_signal_in,2,Conn_01x02_Pin,
"J6, J8",1x02_castell_signal_out,2,Conn_01x02_Pin,
"LED1, LED10, LED11, LED12, LED13, LED14, LED15, LED16, LED17, LED18, LED19, LED2, LED20, LED21, LED22, LED23, LED24, LED25, LED26, LED27, LED28, LED29, LED3, LED30, LED31, LED32, LED33, LED34, LED35, LED36, LED37, LED38, LED39, LED4, LED40, LED41, LED42, LED43, LED44, LED45, LED46, LED47, LED48, LED49, LED5, LED50, LED51, LED52, LED53, LED54, LED55, LED56, LED57, LED58, LED59, LED6, LED60, LED61, LED62, LED63, LED64, LED7, LED8, LED9",SK9822-EC20,64,SK9822-EC20,
